<Anims>
 <anim name="idle" root="swap_gravedigger" numframes="200" framerate="40">
  <frame idx="0" w="181" h="344" x="74.508942" y="77.190498">
   <element name="swap_gravedigger" layername="swap_gravedigger" frame="0" z_index="7" m_a="1.000000" m_b="0.000000" m_c="0.000000" m_d="1.000000" m_tx="1.008943" m_ty="-62.809502"/>
   <element name="swap_gravedigger" layername="swap_gravedigger-7" frame="6" z_index="7" m_a="1.000000" m_b="0.000000" m_c="0.000000" m_d="1.000000" m_tx="1.889972" m_ty="-37.899712"/>
  </frame>
  <frame idx="25" w="181" h="344" x="74.508942" y="77.190498">
   <element name="swap_gravedigger" layername="swap_gravedigger" frame="0" z_index="7" m_a="1.000000" m_b="0.000000" m_c="0.000000" m_d="1.000000" m_tx="1.008943" m_ty="-62.809502"/>
   <element name="swap_gravedigger" layername="swap_gravedigger-7" frame="6" z_index="7" m_a="1.000000" m_b="0.000000" m_c="0.000000" m_d="1.000000" m_tx="1.889972" m_ty="-37.899712"/>
  </frame>
  <frame idx="50" w="182" h="357" x="75.000000" y="75.500000">
   <element name="swap_gravedigger" layername="swap_gravedigger" frame="0" z_index="7" m_a="1.000000" m_b="0.000000" m_c="0.000000" m_d="1.000000" m_tx="1.008943" m_ty="-62.809502"/>
   <element name="swap_gravedigger" layername="swap_gravedigger-2" frame="1" z_index="7" m_a="1.000000" m_b="0.000000" m_c="0.000000" m_d="1.000000" m_tx="1.000000" m_ty="-70.000000"/>
   <element name="swap_gravedigger" layername="swap_gravedigger-7" frame="6" z_index="7" m_a="1.000000" m_b="0.000000" m_c="0.000000" m_d="1.000000" m_tx="1.889972" m_ty="-37.899712"/>
  </frame>
  <frame idx="75" w="451" h="357" x="185.500000" y="75.500000">
   <element name="swap_gravedigger" layername="swap_gravedigger" frame="0" z_index="7" m_a="1.000000" m_b="0.000000" m_c="0.000000" m_d="1.000000" m_tx="1.008943" m_ty="-62.809502"/>
   <element name="swap_gravedigger" layername="swap_gravedigger-2" frame="1" z_index="7" m_a="1.000000" m_b="0.000000" m_c="0.000000" m_d="1.000000" m_tx="1.000000" m_ty="-70.000000"/>
   <element name="swap_gravedigger" layername="swap_gravedigger-3" frame="2" z_index="7" m_a="1.000000" m_b="0.000000" m_c="0.000000" m_d="1.000000" m_tx="2.959597" m_ty="-31.897699"/>
   <element name="swap_gravedigger" layername="swap_gravedigger-7" frame="6" z_index="7" m_a="1.000000" m_b="0.000000" m_c="0.000000" m_d="1.000000" m_tx="1.889972" m_ty="-37.899712"/>
  </frame>
  <frame idx="100" w="451" h="357" x="185.500000" y="75.500000">
   <element name="swap_gravedigger" layername="swap_gravedigger" frame="0" z_index="7" m_a="1.000000" m_b="0.000000" m_c="0.000000" m_d="1.000000" m_tx="1.008943" m_ty="-62.809502"/>
   <element name="swap_gravedigger" layername="swap_gravedigger-2" frame="1" z_index="7" m_a="1.000000" m_b="0.000000" m_c="0.000000" m_d="1.000000" m_tx="1.000000" m_ty="-70.000000"/>
   <element name="swap_gravedigger" layername="swap_gravedigger-3" frame="2" z_index="7" m_a="1.000000" m_b="0.000000" m_c="0.000000" m_d="1.000000" m_tx="2.959597" m_ty="-31.897699"/>
   <element name="swap_gravedigger" layername="swap_gravedigger-4" frame="3" z_index="7" m_a="1.000000" m_b="0.000000" m_c="0.000000" m_d="1.000000" m_tx="2.126691" m_ty="-25.823029"/>
   <element name="swap_gravedigger" layername="swap_gravedigger-7" frame="6" z_index="7" m_a="1.000000" m_b="0.000000" m_c="0.000000" m_d="1.000000" m_tx="1.889972" m_ty="-37.899712"/>
  </frame>
  <frame idx="125" w="451" h="357" x="185.500000" y="75.500000">
   <element name="swap_gravedigger" layername="swap_gravedigger" frame="0" z_index="7" m_a="1.000000" m_b="0.000000" m_c="0.000000" m_d="1.000000" m_tx="1.008943" m_ty="-62.809502"/>
   <element name="swap_gravedigger" layername="swap_gravedigger-2" frame="1" z_index="7" m_a="1.000000" m_b="0.000000" m_c="0.000000" m_d="1.000000" m_tx="1.000000" m_ty="-70.000000"/>
   <element name="swap_gravedigger" layername="swap_gravedigger-3" frame="2" z_index="7" m_a="1.000000" m_b="0.000000" m_c="0.000000" m_d="1.000000" m_tx="2.959597" m_ty="-31.897699"/>
   <element name="swap_gravedigger" layername="swap_gravedigger-4" frame="3" z_index="7" m_a="1.000000" m_b="0.000000" m_c="0.000000" m_d="1.000000" m_tx="2.126691" m_ty="-25.823029"/>
   <element name="swap_gravedigger" layername="swap_gravedigger-7" frame="6" z_index="7" m_a="1.000000" m_b="0.000000" m_c="0.000000" m_d="1.000000" m_tx="1.889972" m_ty="-37.899712"/>
  </frame>
  <frame idx="150" w="453" h="404" x="184.489426" y="95.000000">
   <element name="swap_gravedigger" layername="swap_gravedigger" frame="0" z_index="7" m_a="1.000000" m_b="0.000000" m_c="0.000000" m_d="1.000000" m_tx="1.008943" m_ty="-62.809502"/>
   <element name="swap_gravedigger" layername="swap_gravedigger-2" frame="1" z_index="7" m_a="1.000000" m_b="0.000000" m_c="0.000000" m_d="1.000000" m_tx="1.000000" m_ty="-70.000000"/>
   <element name="swap_gravedigger" layername="swap_gravedigger-3" frame="2" z_index="7" m_a="1.000000" m_b="0.000000" m_c="0.000000" m_d="1.000000" m_tx="2.959597" m_ty="-31.897699"/>
   <element name="swap_gravedigger" layername="swap_gravedigger-4" frame="3" z_index="7" m_a="1.000000" m_b="0.000000" m_c="0.000000" m_d="1.000000" m_tx="2.126691" m_ty="-25.823029"/>
   <element name="swap_gravedigger" layername="swap_gravedigger-5" frame="4" z_index="7" m_a="1.000000" m_b="0.000000" m_c="0.000000" m_d="1.000000" m_tx="-0.010581" m_ty="-51.755875"/>
   <element name="swap_gravedigger" layername="swap_gravedigger-7" frame="6" z_index="7" m_a="1.000000" m_b="0.000000" m_c="0.000000" m_d="1.000000" m_tx="1.889972" m_ty="-37.899712"/>
  </frame>
  <frame idx="175" w="453" h="404" x="184.489426" y="95.000000">
   <element name="swap_gravedigger" layername="swap_gravedigger" frame="0" z_index="7" m_a="1.000000" m_b="0.000000" m_c="0.000000" m_d="1.000000" m_tx="1.008943" m_ty="-62.809502"/>
   <element name="swap_gravedigger" layername="swap_gravedigger-2" frame="1" z_index="7" m_a="1.000000" m_b="0.000000" m_c="0.000000" m_d="1.000000" m_tx="1.000000" m_ty="-70.000000"/>
   <element name="swap_gravedigger" layername="swap_gravedigger-3" frame="2" z_index="7" m_a="1.000000" m_b="0.000000" m_c="0.000000" m_d="1.000000" m_tx="2.959597" m_ty="-31.897699"/>
   <element name="swap_gravedigger" layername="swap_gravedigger-4" frame="3" z_index="7" m_a="1.000000" m_b="0.000000" m_c="0.000000" m_d="1.000000" m_tx="2.126691" m_ty="-25.823029"/>
   <element name="swap_gravedigger" layername="swap_gravedigger-5" frame="4" z_index="7" m_a="1.000000" m_b="0.000000" m_c="0.000000" m_d="1.000000" m_tx="-0.010581" m_ty="-51.755875"/>
   <element name="swap_gravedigger" layername="swap_gravedigger-6" frame="5" z_index="7" m_a="1.000000" m_b="0.000000" m_c="0.000000" m_d="1.000000" m_tx="2.987901" m_ty="-42.824608"/>
   <element name="swap_gravedigger" layername="swap_gravedigger-7" frame="6" z_index="7" m_a="1.000000" m_b="0.000000" m_c="0.000000" m_d="1.000000" m_tx="1.889972" m_ty="-37.899712"/>
  </frame>
 </anim>
</Anims>
