<Anims>
 <anim name="idle" root="swap_gravedigger" numframes="200" framerate="40">
  <frame idx="0" w="134" h="270" x="59.010994" y="61.134552">
   <element name="swap_gravedigger" layername="swap_gravedigger" frame="0" z_index="7" m_a="1.000000" m_b="0.000000" m_c="0.000000" m_d="1.000000" m_tx="8.981144" m_ty="-43.869259"/>
   <element name="swap_gravedigger" layername="swap_gravedigger-7" frame="6" z_index="7" m_a="1.000000" m_b="0.000000" m_c="0.000000" m_d="1.000000" m_tx="5.010991" m_ty="-48.865444"/>
  </frame>
  <frame idx="25" w="134" h="270" x="59.010994" y="61.134552">
   <element name="swap_gravedigger" layername="swap_gravedigger" frame="0" z_index="7" m_a="1.000000" m_b="0.000000" m_c="0.000000" m_d="1.000000" m_tx="8.981144" m_ty="-43.869259"/>
   <element name="swap_gravedigger" layername="swap_gravedigger-7" frame="6" z_index="7" m_a="1.000000" m_b="0.000000" m_c="0.000000" m_d="1.000000" m_tx="5.010991" m_ty="-48.865444"/>
  </frame>
  <frame idx="50" w="137" h="283" x="60.510994" y="54.640060">
   <element name="swap_gravedigger" layername="swap_gravedigger" frame="0" z_index="7" m_a="1.000000" m_b="0.000000" m_c="0.000000" m_d="1.000000" m_tx="8.981144" m_ty="-43.869259"/>
   <element name="swap_gravedigger" layername="swap_gravedigger-2" frame="1" z_index="7" m_a="1.000000" m_b="0.000000" m_c="0.000000" m_d="1.000000" m_tx="5.271799" m_ty="-60.859936"/>
   <element name="swap_gravedigger" layername="swap_gravedigger-7" frame="6" z_index="7" m_a="1.000000" m_b="0.000000" m_c="0.000000" m_d="1.000000" m_tx="5.010991" m_ty="-48.865444"/>
  </frame>
  <frame idx="75" w="137" h="291" x="60.510994" y="57.640060">
   <element name="swap_gravedigger" layername="swap_gravedigger" frame="0" z_index="7" m_a="1.000000" m_b="0.000000" m_c="0.000000" m_d="1.000000" m_tx="8.981144" m_ty="-43.869259"/>
   <element name="swap_gravedigger" layername="swap_gravedigger-2" frame="1" z_index="7" m_a="1.000000" m_b="0.000000" m_c="0.000000" m_d="1.000000" m_tx="5.271799" m_ty="-60.859936"/>
   <element name="swap_gravedigger" layername="swap_gravedigger-3" frame="2" z_index="7" m_a="1.000000" m_b="0.000000" m_c="0.000000" m_d="1.000000" m_tx="10.850008" m_ty="-39.873085"/>
   <element name="swap_gravedigger" layername="swap_gravedigger-7" frame="6" z_index="7" m_a="1.000000" m_b="0.000000" m_c="0.000000" m_d="1.000000" m_tx="5.010991" m_ty="-48.865444"/>
  </frame>
  <frame idx="100" w="141" h="291" x="58.605682" y="57.640060">
   <element name="swap_gravedigger" layername="swap_gravedigger" frame="0" z_index="7" m_a="1.000000" m_b="0.000000" m_c="0.000000" m_d="1.000000" m_tx="8.981144" m_ty="-43.869259"/>
   <element name="swap_gravedigger" layername="swap_gravedigger-2" frame="1" z_index="7" m_a="1.000000" m_b="0.000000" m_c="0.000000" m_d="1.000000" m_tx="5.271799" m_ty="-60.859936"/>
   <element name="swap_gravedigger" layername="swap_gravedigger-3" frame="2" z_index="7" m_a="1.000000" m_b="0.000000" m_c="0.000000" m_d="1.000000" m_tx="10.850008" m_ty="-39.873085"/>
   <element name="swap_gravedigger" layername="swap_gravedigger-4" frame="3" z_index="7" m_a="1.000000" m_b="0.000000" m_c="0.000000" m_d="1.000000" m_tx="1.105682" m_ty="-6.916726"/>
   <element name="swap_gravedigger" layername="swap_gravedigger-7" frame="6" z_index="7" m_a="1.000000" m_b="0.000000" m_c="0.000000" m_d="1.000000" m_tx="5.010991" m_ty="-48.865444"/>
  </frame>
  <frame idx="125" w="141" h="291" x="58.605682" y="57.640060">
   <element name="swap_gravedigger" layername="swap_gravedigger" frame="0" z_index="7" m_a="1.000000" m_b="0.000000" m_c="0.000000" m_d="1.000000" m_tx="8.981144" m_ty="-43.869259"/>
   <element name="swap_gravedigger" layername="swap_gravedigger-2" frame="1" z_index="7" m_a="1.000000" m_b="0.000000" m_c="0.000000" m_d="1.000000" m_tx="5.271799" m_ty="-60.859936"/>
   <element name="swap_gravedigger" layername="swap_gravedigger-3" frame="2" z_index="7" m_a="1.000000" m_b="0.000000" m_c="0.000000" m_d="1.000000" m_tx="10.850008" m_ty="-39.873085"/>
   <element name="swap_gravedigger" layername="swap_gravedigger-4" frame="3" z_index="7" m_a="1.000000" m_b="0.000000" m_c="0.000000" m_d="1.000000" m_tx="1.105682" m_ty="-6.916726"/>
   <element name="swap_gravedigger" layername="swap_gravedigger-7" frame="6" z_index="7" m_a="1.000000" m_b="0.000000" m_c="0.000000" m_d="1.000000" m_tx="5.010991" m_ty="-48.865444"/>
  </frame>
  <frame idx="150" w="141" h="291" x="58.605682" y="57.640060">
   <element name="swap_gravedigger" layername="swap_gravedigger" frame="0" z_index="7" m_a="1.000000" m_b="0.000000" m_c="0.000000" m_d="1.000000" m_tx="8.981144" m_ty="-43.869259"/>
   <element name="swap_gravedigger" layername="swap_gravedigger-2" frame="1" z_index="7" m_a="1.000000" m_b="0.000000" m_c="0.000000" m_d="1.000000" m_tx="5.271799" m_ty="-60.859936"/>
   <element name="swap_gravedigger" layername="swap_gravedigger-3" frame="2" z_index="7" m_a="1.000000" m_b="0.000000" m_c="0.000000" m_d="1.000000" m_tx="10.850008" m_ty="-39.873085"/>
   <element name="swap_gravedigger" layername="swap_gravedigger-4" frame="3" z_index="7" m_a="1.000000" m_b="0.000000" m_c="0.000000" m_d="1.000000" m_tx="1.105682" m_ty="-6.916726"/>
   <element name="swap_gravedigger" layername="swap_gravedigger-5" frame="4" z_index="7" m_a="1.000000" m_b="0.000000" m_c="0.000000" m_d="1.000000" m_tx="5.892086" m_ty="-1.964734"/>
   <element name="swap_gravedigger" layername="swap_gravedigger-7" frame="6" z_index="7" m_a="1.000000" m_b="0.000000" m_c="0.000000" m_d="1.000000" m_tx="5.010991" m_ty="-48.865444"/>
  </frame>
  <frame idx="175" w="159" h="300" x="58.486198" y="61.140060">
   <element name="swap_gravedigger" layername="swap_gravedigger" frame="0" z_index="7" m_a="1.000000" m_b="0.000000" m_c="0.000000" m_d="1.000000" m_tx="8.981144" m_ty="-43.869259"/>
   <element name="swap_gravedigger" layername="swap_gravedigger-2" frame="1" z_index="7" m_a="1.000000" m_b="0.000000" m_c="0.000000" m_d="1.000000" m_tx="5.271799" m_ty="-60.859936"/>
   <element name="swap_gravedigger" layername="swap_gravedigger-3" frame="2" z_index="7" m_a="1.000000" m_b="0.000000" m_c="0.000000" m_d="1.000000" m_tx="10.850008" m_ty="-39.873085"/>
   <element name="swap_gravedigger" layername="swap_gravedigger-4" frame="3" z_index="7" m_a="1.000000" m_b="0.000000" m_c="0.000000" m_d="1.000000" m_tx="1.105682" m_ty="-6.916726"/>
   <element name="swap_gravedigger" layername="swap_gravedigger-5" frame="4" z_index="7" m_a="1.000000" m_b="0.000000" m_c="0.000000" m_d="1.000000" m_tx="20.731033" m_ty="15.180754"/>
   <element name="swap_gravedigger" layername="swap_gravedigger-6" frame="5" z_index="7" m_a="1.000000" m_b="0.000000" m_c="0.000000" m_d="1.000000" m_tx="-6.013799" m_ty="-39.912487"/>
   <element name="swap_gravedigger" layername="swap_gravedigger-7" frame="6" z_index="7" m_a="1.000000" m_b="0.000000" m_c="0.000000" m_d="1.000000" m_tx="5.010991" m_ty="-48.865444"/>
  </frame>
 </anim>
</Anims>
