<Anims>
 <anim name="idle" root="swap_gravedigger" numframes="200" framerate="40">
  <frame idx="0" w="189" h="352" x="81.510994" y="95.134552">
   <element name="swap_gravedigger" layername="swap_gravedigger" frame="0" z_index="7" m_a="1.000000" m_b="0.000000" m_c="0.000000" m_d="1.000000" m_tx="19.887924" m_ty="-26.939796"/>
   <element name="swap_gravedigger" layername="swap_gravedigger-7" frame="6" z_index="7" m_a="1.000000" m_b="0.000000" m_c="0.000000" m_d="1.000000" m_tx="5.010991" m_ty="-48.865444"/>
  </frame>
  <frame idx="25" w="189" h="352" x="81.510994" y="95.134552">
   <element name="swap_gravedigger" layername="swap_gravedigger" frame="0" z_index="7" m_a="1.000000" m_b="0.000000" m_c="0.000000" m_d="1.000000" m_tx="19.887924" m_ty="-26.939796"/>
   <element name="swap_gravedigger" layername="swap_gravedigger-7" frame="6" z_index="7" m_a="1.000000" m_b="0.000000" m_c="0.000000" m_d="1.000000" m_tx="5.010991" m_ty="-48.865444"/>
  </frame>
  <frame idx="50" w="195" h="366" x="78.507744" y="88.140060">
   <element name="swap_gravedigger" layername="swap_gravedigger" frame="0" z_index="7" m_a="1.000000" m_b="0.000000" m_c="0.000000" m_d="1.000000" m_tx="19.887924" m_ty="-26.939796"/>
   <element name="swap_gravedigger" layername="swap_gravedigger-2" frame="1" z_index="7" m_a="1.000000" m_b="0.000000" m_c="0.000000" m_d="1.000000" m_tx="-0.992255" m_ty="-60.859936"/>
   <element name="swap_gravedigger" layername="swap_gravedigger-7" frame="6" z_index="7" m_a="1.000000" m_b="0.000000" m_c="0.000000" m_d="1.000000" m_tx="5.010991" m_ty="-48.865444"/>
  </frame>
  <frame idx="75" w="195" h="380" x="78.507744" y="94.140060">
   <element name="swap_gravedigger" layername="swap_gravedigger" frame="0" z_index="7" m_a="1.000000" m_b="0.000000" m_c="0.000000" m_d="1.000000" m_tx="19.887924" m_ty="-26.939796"/>
   <element name="swap_gravedigger" layername="swap_gravedigger-2" frame="1" z_index="7" m_a="1.000000" m_b="0.000000" m_c="0.000000" m_d="1.000000" m_tx="-0.992255" m_ty="-60.859936"/>
   <element name="swap_gravedigger" layername="swap_gravedigger-3" frame="2" z_index="7" m_a="1.000000" m_b="0.000000" m_c="0.000000" m_d="1.000000" m_tx="10.850008" m_ty="-39.873085"/>
   <element name="swap_gravedigger" layername="swap_gravedigger-7" frame="6" z_index="7" m_a="1.000000" m_b="0.000000" m_c="0.000000" m_d="1.000000" m_tx="5.010991" m_ty="-48.865444"/>
  </frame>
  <frame idx="100" w="195" h="380" x="78.507744" y="94.140060">
   <element name="swap_gravedigger" layername="swap_gravedigger" frame="0" z_index="7" m_a="1.000000" m_b="0.000000" m_c="0.000000" m_d="1.000000" m_tx="19.887924" m_ty="-26.939796"/>
   <element name="swap_gravedigger" layername="swap_gravedigger-2" frame="1" z_index="7" m_a="1.000000" m_b="0.000000" m_c="0.000000" m_d="1.000000" m_tx="-0.992255" m_ty="-60.859936"/>
   <element name="swap_gravedigger" layername="swap_gravedigger-3" frame="2" z_index="7" m_a="1.000000" m_b="0.000000" m_c="0.000000" m_d="1.000000" m_tx="10.850008" m_ty="-39.873085"/>
   <element name="swap_gravedigger" layername="swap_gravedigger-4" frame="3" z_index="7" m_a="1.000000" m_b="0.000000" m_c="0.000000" m_d="1.000000" m_tx="2.126691" m_ty="-25.823029"/>
   <element name="swap_gravedigger" layername="swap_gravedigger-7" frame="6" z_index="7" m_a="1.000000" m_b="0.000000" m_c="0.000000" m_d="1.000000" m_tx="5.010991" m_ty="-48.865444"/>
  </frame>
  <frame idx="125" w="195" h="380" x="78.507744" y="94.140060">
   <element name="swap_gravedigger" layername="swap_gravedigger" frame="0" z_index="7" m_a="1.000000" m_b="0.000000" m_c="0.000000" m_d="1.000000" m_tx="19.887924" m_ty="-26.939796"/>
   <element name="swap_gravedigger" layername="swap_gravedigger-2" frame="1" z_index="7" m_a="1.000000" m_b="0.000000" m_c="0.000000" m_d="1.000000" m_tx="-0.992255" m_ty="-60.859936"/>
   <element name="swap_gravedigger" layername="swap_gravedigger-3" frame="2" z_index="7" m_a="1.000000" m_b="0.000000" m_c="0.000000" m_d="1.000000" m_tx="10.850008" m_ty="-39.873085"/>
   <element name="swap_gravedigger" layername="swap_gravedigger-4" frame="3" z_index="7" m_a="1.000000" m_b="0.000000" m_c="0.000000" m_d="1.000000" m_tx="2.126691" m_ty="-25.823029"/>
   <element name="swap_gravedigger" layername="swap_gravedigger-7" frame="6" z_index="7" m_a="1.000000" m_b="0.000000" m_c="0.000000" m_d="1.000000" m_tx="5.010991" m_ty="-48.865444"/>
  </frame>
  <frame idx="150" w="228" h="382" x="92.007744" y="95.140060">
   <element name="swap_gravedigger" layername="swap_gravedigger" frame="0" z_index="7" m_a="1.000000" m_b="0.000000" m_c="0.000000" m_d="1.000000" m_tx="19.887924" m_ty="-26.939796"/>
   <element name="swap_gravedigger" layername="swap_gravedigger-2" frame="1" z_index="7" m_a="1.000000" m_b="0.000000" m_c="0.000000" m_d="1.000000" m_tx="-0.992255" m_ty="-60.859936"/>
   <element name="swap_gravedigger" layername="swap_gravedigger-3" frame="2" z_index="7" m_a="1.000000" m_b="0.000000" m_c="0.000000" m_d="1.000000" m_tx="10.850008" m_ty="-39.873085"/>
   <element name="swap_gravedigger" layername="swap_gravedigger-4" frame="3" z_index="7" m_a="1.000000" m_b="0.000000" m_c="0.000000" m_d="1.000000" m_tx="2.126691" m_ty="-25.823029"/>
   <element name="swap_gravedigger" layername="swap_gravedigger-5" frame="4" z_index="7" m_a="1.000000" m_b="0.000000" m_c="0.000000" m_d="1.000000" m_tx="49.581882" m_ty="25.235893"/>
   <element name="swap_gravedigger" layername="swap_gravedigger-7" frame="6" z_index="7" m_a="1.000000" m_b="0.000000" m_c="0.000000" m_d="1.000000" m_tx="5.010991" m_ty="-48.865444"/>
  </frame>
  <frame idx="175" w="212" h="389" x="85.007744" y="97.640060">
   <element name="swap_gravedigger" layername="swap_gravedigger" frame="0" z_index="7" m_a="1.000000" m_b="0.000000" m_c="0.000000" m_d="1.000000" m_tx="19.887924" m_ty="-26.939796"/>
   <element name="swap_gravedigger" layername="swap_gravedigger-2" frame="1" z_index="7" m_a="1.000000" m_b="0.000000" m_c="0.000000" m_d="1.000000" m_tx="-0.992255" m_ty="-60.859936"/>
   <element name="swap_gravedigger" layername="swap_gravedigger-3" frame="2" z_index="7" m_a="1.000000" m_b="0.000000" m_c="0.000000" m_d="1.000000" m_tx="10.850008" m_ty="-39.873085"/>
   <element name="swap_gravedigger" layername="swap_gravedigger-4" frame="3" z_index="7" m_a="1.000000" m_b="0.000000" m_c="0.000000" m_d="1.000000" m_tx="2.126691" m_ty="-25.823029"/>
   <element name="swap_gravedigger" layername="swap_gravedigger-5" frame="4" z_index="7" m_a="1.000000" m_b="0.000000" m_c="0.000000" m_d="1.000000" m_tx="34.755142" m_ty="12.852084"/>
   <element name="swap_gravedigger" layername="swap_gravedigger-6" frame="5" z_index="7" m_a="1.000000" m_b="0.000000" m_c="0.000000" m_d="1.000000" m_tx="1.895919" m_ty="-27.946209"/>
   <element name="swap_gravedigger" layername="swap_gravedigger-7" frame="6" z_index="7" m_a="1.000000" m_b="0.000000" m_c="0.000000" m_d="1.000000" m_tx="5.010991" m_ty="-48.865444"/>
  </frame>
 </anim>
</Anims>
